FECHA,LABORATORIO,RX,TOTAL
15/11/2019,CHIHUAHUA,2918,"584,64"
15/11/2019,CHIHUAHUA,2940,"552,73"
15/11/2019,CHIHUAHUA,2941,"552,73"
15/11/2019,CHIHUAHUA,2949,"571,87"
15/11/2019,CHIHUAHUA,2960,"644,37"
15/11/2019,CHIHUAHUA,2967,"522,58"
15/11/2019,CHIHUAHUA,2910,"546,94"
15/11/2019,CHIHUAHUA,2921,"440,8"
15/11/2019,CHIHUAHUA,2922,"940,19"
15/11/2019,CHIHUAHUA,2929,"523,74"
15/11/2019,CHIHUAHUA,2942,"523,74"
15/11/2019,CHIHUAHUA,2943,"440,8"
15/11/2019,CHIHUAHUA,2945,"523,74"
15/11/2019,CHIHUAHUA,2948,
15/11/2019,CHIHUAHUA,2954,
15/11/2019,CHIHUAHUA,2955,
15/11/2019,CHIHUAHUA,2958,
15/11/2019,CHIHUAHUA,933,
15/11/2019,CHIHUAHUA,2173,
15/11/2019,CHIHUAHUA,2179,
15/11/2019,CHIHUAHUA,2175,
15/11/2019,CHIHUAHUA,444,
15/11/2019,CHIHUAHUA,444,
15/11/2019,CHIHUAHUA,448,
15/11/2019,CHIHUAHUA,447,
15/11/2019,CHIHUAHUA,445,
15/11/2019,CHIHUAHUA,3971,
15/11/2019,CHIHUAHUA,3969,
15/11/2019,CHIHUAHUA,3849,
15/11/2019,CHIHUAHUA,3850,
15/11/2019,CHIHUAHUA,4515,
15/11/2019,CHIHUAHUA,8796,
15/11/2019,CHIHUAHUA,2241,
15/11/2019,CHIHUAHUA,4911,
15/11/2019,CHIHUAHUA,3851,
15/11/2019,CHIHUAHUA,3852,
15/11/2019,CHIHUAHUA,3853,
15/11/2019,CHIHUAHUA,3765,
15/11/2019,CHIHUAHUA,3766,
15/11/2019,CHIHUAHUA,3764,
15/11/2019,CHAPULTEPEC,5509,
15/11/2019,CHAPULTEPEC,9306,
15/11/2019,CHAPULTEPEC,9311,
15/11/2019,CHAPULTEPEC,9310,
15/11/2019,CHAPULTEPEC,9308,
15/11/2019,CHAPULTEPEC,9313,
15/11/2019,CHAPULTEPEC,9319,
15/11/2019,CHAPULTEPEC,9312,
15/11/2019,CHAPULTEPEC,9315,
15/11/2019,CHAPULTEPEC,9316,
15/11/2019,CHAPULTEPEC,9321,
15/11/2019,CHAPULTEPEC,9318,
15/11/2019,CHAPULTEPEC,9314,
15/11/2019,CHAPULTEPEC,9305,
15/11/2019,CHAPULTEPEC,9304,
15/11/2019,CHAPULTEPEC,9307,
15/11/2019,CHAPULTEPEC,9320,
15/11/2019,CHAPULTEPEC,9317,
15/11/2019,CHAPULTEPEC,9304,
15/11/2019,CHAPULTEPEC,8897,
15/11/2019,CHAPULTEPEC,6478,
15/11/2019,CHAPULTEPEC,6479,
15/11/2019,CHAPULTEPEC,1422,
15/11/2019,CHAPULTEPEC,1424,
15/11/2019,CHAPULTEPEC,1423,
15/11/2019,CHAPULTEPEC,5553,
15/11/2019,CHAPULTEPEC,5552,
15/11/2019,CHAPULTEPEC,4969,
15/11/2019,CHAPULTEPEC,5551,
15/11/2019,CHAPULTEPEC,6141,
15/11/2019,CHAPULTEPEC,6110,
15/11/2019,CHAPULTEPEC,6108,
15/11/2019,CHAPULTEPEC,546,
15/11/2019,CHAPULTEPEC,543,
15/11/2019,CHAPULTEPEC,548,
15/11/2019,CHAPULTEPEC,9064,
15/11/2019,CHAPULTEPEC,7564,
15/11/2019,CHAPULTEPEC,7546,
15/11/2019,CHAPULTEPEC,5970,
15/11/2019,CHAPULTEPEC,6513,
15/11/2019,CHAPULTEPEC,7108,
15/11/2019,CHAPULTEPEC,7977,
15/11/2019,CHAPULTEPEC,690,
15/11/2019,CHAPULTEPEC,6179,
15/11/2019,CHAPULTEPEC,6178,
15/11/2019,PDV VERACRUZ,2158,
15/11/2019,PDV VERACRUZ,2160,
15/11/2019,PDV VERACRUZ,2156,
15/11/2019,PDV VERACRUZ,2157,
15/11/2019,PDV VERACRUZ,2159,
15/11/2019,PDV VERACRUZ,4795,
15/11/2019,PDV VERACRUZ,4796,
15/11/2019,PDV VERACRUZ,4797,
15/11/2019,PDV VERACRUZ,4199,
15/11/2019,PDV VERACRUZ,3265,
15/11/2019,PDV VERACRUZ,3266,
15/11/2019,PDV VERACRUZ,4196,
15/11/2019,PDV VERACRUZ,4198,
15/11/2019,PDV VERACRUZ,4197,
15/11/2019,PDV VERACRUZ,4195,
15/11/2019,PDV VERACRUZ,4194,
15/11/2019,PDV VERACRUZ,8507,
15/11/2019,PDV VERACRUZ,5721,
15/11/2019,PDV VERACRUZ,8506,
15/11/2019,PDV VERACRUZ,8505,
15/11/2019,PDV VERACRUZ,8508,
15/11/2019,PDV VERACRUZ,5720,
15/11/2019,PDV VERACRUZ,2192,
15/11/2019,PDV VERACRUZ,8509,
15/11/2019,TIJUANA,6832,
15/11/2019,TIJUANA,6833,
15/11/2019,TIJUANA,969,
15/11/2019,TIJUANA,968,
15/11/2019,TIJUANA,970,
15/11/2019,TIJUANA,967,
15/11/2019,TIJUANA,5236,
15/11/2019,SLP,5702,
15/11/2019,SLP,5703,
15/11/2019,SLP,5704,
15/11/2019,SLP,5705,
15/11/2019,SLP,5045,
15/11/2019,SLP,8954,
15/11/2019,SLP,4537,
15/11/2019,SLP,4538,
15/11/2019,SLP,4539,
15/11/2019,SLP,5109,
15/11/2019,SLP,5110,
15/11/2019,SLP,5111,
15/11/2019,SLP,5112,
15/11/2019,SLP,4735,
15/11/2019,SLP,4734,
15/11/2019,SLP,4736,
15/11/2019,SLP,5570,
15/11/2019,SLP,5571,
15/11/2019,SLP,5572,
15/11/2019,SLP,5573,
15/11/2019,SLP,5574,
15/11/2019,SLP,5575,
15/11/2019,SLP,5576,
15/11/2019,SLP,5577,
15/11/2019,SLP,5578,
15/11/2019,SLP,5579,
15/11/2019,SLP,5580,
15/11/2019,SLP,5581,
15/11/2019,SLP,5222,
15/11/2019,SLP,5706,
15/11/2019,SLP,5707,
15/11/2019,SLP,5708,
15/11/2019,SLP,5582,
15/11/2019,SLP,5583,
15/11/2019,SLP,5584,
15/11/2019,SLP,3975,
15/11/2019,SLP,4602,
15/11/2019,SLP,4586,
15/11/2019,SLP,5113,
15/11/2019,SLP,5209,
15/11/2019,SLP,5210,
15/11/2019,SLP,5211,
15/11/2019,SLP,5212,
15/11/2019,SLP,5048,
15/11/2019,SLP,5223,
15/11/2019,SLP,5226,
15/11/2019,SLP,5047,
15/11/2019,SLP,5224,
15/11/2019,PDV MORELIA,1204,"1057,92"
15/11/2019,PDV MORELIA,2463,
15/11/2019,PDV MORELIA,2462,
15/11/2019,PDV ISABEL,2842,
15/11/2019,PDV ISABEL,2844,
15/11/2019,PDV ISABEL,1612,
15/11/2019,PDV ISABEL,1609,
15/11/2019,PDV ISABEL,7152,
15/11/2019,PDV ISABEL,1614,
15/11/2019,PDV ISABEL,1617,
15/11/2019,PDV ISABEL,1616,
15/11/2019,PDV ISABEL,1618,
15/11/2019,PDV ISABEL,7053,
15/11/2019,PDV ISABEL,1620,
15/11/2019,PDV ISABEL,1621,
15/11/2019,PDV ISABEL,1622,
15/11/2019,PDV ISABEL,1623,
15/11/2019,PDV ISABEL,1624,
15/11/2019,TORREON,7779,
15/11/2019,TORREON,9772,
15/11/2019,TORREON,9771,
15/11/2019,TORREON,4186,
15/11/2019,TORREON,4654,
15/11/2019,TORREON,4683,
15/11/2019,TORREON,4622,
15/11/2019,TORREON,4623,
15/11/2019,TORREON,4624,
15/11/2019,TORREON,7780,
15/11/2019,TORREON,4204,
15/11/2019,TORREON,4421,
15/11/2019,TORREON,4423,
15/11/2019,TORREON,4422,
15/11/2019,TORREON,4684,
15/11/2019,TORREON,3082,
15/11/2019,TORREON,3083,
15/11/2019,TORREON,3081,
15/11/2019,TORREON,6470,
15/11/2019,TORREON,3078,
15/11/2019,TORREON,3079,
15/11/2019,TORREON,6471,
15/11/2019,TORREON,9280,
15/11/2019,TORREON,3155,
15/11/2019,PUEBLA,8838,
15/11/2019,PUEBLA,2859,
15/11/2019,PUEBLA,2860,
15/11/2019,PUEBLA,2861,
15/11/2019,PUEBLA,2862,
15/11/2019,PUEBLA,2830,
15/11/2019,PUEBLA,O886,
15/11/2019,PUEBLA,O890,
15/11/2019,PUEBLA,O889,
15/11/2019,PUEBLA,O884,
15/11/2019,PUEBLA,O888,
15/11/2019,PUEBLA,O887,
15/11/2019,PUEBLA,O885,
15/11/2019,PUEBLA,8325,
15/11/2019,PUEBLA,O849,
15/11/2019,PUEBLA,O848,
15/11/2019,PUEBLA,O850,
15/11/2019,PUEBLA,2863,
15/11/2019,PUEBLA,2864,
15/11/2019,PUEBLA,8256,
15/11/2019,PUEBLA,2831,
15/11/2019,PUEBLA,8448,
15/11/2019,PUEBLA,8447,
15/11/2019,PUEBLA,8446,
15/11/2019,PUEBLA,8904,
15/11/2019,PDV VILLAHERMOSA,313,
15/11/2019,PDV VILLAHERMOSA,314,
15/11/2019,PDV VILLAHERMOSA,315,
15/11/2019,PDV VILLAHERMOSA,4581,
15/11/2019,PDV QUERETARO,7489,
15/11/2019,PDV QUERETARO,7481,
15/11/2019,PDV QUERETARO,7482,
15/11/2019,PDV QUERETARO,7486,
15/11/2019,PDV QUERETARO,7488,
15/11/2019,PDV QUERETARO,7480,
15/11/2019,PDV QUERETARO,7487,
15/11/2019,PDV QUERETARO,7490,
15/11/2019,PDV LEON,3326,
15/11/2019,PDV LEON,9805,
15/11/2019,PDV LEON,9736,
15/11/2019,PDV LEON,9217,
15/11/2019,PDV LEON,9738,
15/11/2019,PDV LEON,9655,
15/11/2019,PDV LEON,9656,
15/11/2019,PDV LEON,9548,
15/11/2019,PDV LEON,1962,
15/11/2019,PDV LEON,4208,
15/11/2019,PDV MAZATLAN,2573,
15/11/2019,PDV MAZATLAN,2572,
15/11/2019,PDV MAZATLAN,163,
15/11/2019,PDV MAZATLAN,162,
15/11/2019,PDV MAZATLAN,2571,
15/11/2019,PDV MAZATLAN,210,
15/11/2019,PDV MAZATLAN,117,
15/11/2019,PDV MAZATLAN,118,
15/11/2019,PDV MAZATLAN,7554,
15/11/2019,PDV MAZATLAN,6896,
15/11/2019,PDV MAZATLAN,2652,
15/11/2019,PDV MAZATLAN,2651,
15/11/2019,PDV MAZATLAN,50,
15/11/2019,PDV MAZATLAN,202,
15/11/2019,PDV MEXICALI,8964,
15/11/2019,PDV MEXICALI,2996,
15/11/2019,PDV MEXICALI,8931,
15/11/2019,PDV MEXICALI,8964,
15/11/2019,PDV MEXICALI,8933,
15/11/2019,MTY,7260,
15/11/2019,MTY,7626,
15/11/2019,MTY,7627,
15/11/2019,MTY,7628,
15/11/2019,MTY,7625,
15/11/2019,MTY,7624,
15/11/2019,MTY,7623,
15/11/2019,MTY,7622,
15/11/2019,MTY,3396,
15/11/2019,MTY,6600,
15/11/2019,MTY,8837,
15/11/2019,MTY,3772,
15/11/2019,MTY,6639,
15/11/2019,MTY,1430,
15/11/2019,MTY,1424,
15/11/2019,MTY,1423,
15/11/2019,MTY,1425,
15/11/2019,MTY,3814,
15/11/2019,MTY,1431,
15/11/2019,MTY,1432,
15/11/2019,MTY,3400,
15/11/2019,MTY,3399,
15/11/2019,MTY,7259,
15/11/2019,MTY,3892,
15/11/2019,MTY,3893,
15/11/2019,MTY,3895,
15/11/2019,MTY,1446,
15/11/2019,CHAPULTEPEC,5509,
15/11/2019,CHAPULTEPEC,9306,
15/11/2019,CHAPULTEPEC,9311,
15/11/2019,CHAPULTEPEC,9310,
15/11/2019,CHAPULTEPEC,9308,
15/11/2019,CHAPULTEPEC,9313,
15/11/2019,CHAPULTEPEC,9319,
15/11/2019,CHAPULTEPEC,9312,
15/11/2019,CHAPULTEPEC,9315,
15/11/2019,CHAPULTEPEC,9316,
15/11/2019,CHAPULTEPEC,9321,
15/11/2019,CHAPULTEPEC,9318,
15/11/2019,CHAPULTEPEC,9314,
15/11/2019,CHAPULTEPEC,9305,
15/11/2019,CHAPULTEPEC,9304,
15/11/2019,CHAPULTEPEC,9307,
15/11/2019,CHAPULTEPEC,9320,
15/11/2019,CHAPULTEPEC,9317,
15/11/2019,CHAPULTEPEC,9304,
15/11/2019,CHAPULTEPEC,8897,
15/11/2019,CHAPULTEPEC,6478,
15/11/2019,CHAPULTEPEC,6479,
15/11/2019,CHAPULTEPEC,1422,
15/11/2019,CHAPULTEPEC,1424,
15/11/2019,CHAPULTEPEC,1423,
15/11/2019,CHAPULTEPEC,5553,
15/11/2019,CHAPULTEPEC,5552,
15/11/2019,CHAPULTEPEC,4969,
15/11/2019,CHAPULTEPEC,5551,
15/11/2019,CHAPULTEPEC,6141,
15/11/2019,CHAPULTEPEC,6110,
15/11/2019,CHAPULTEPEC,6108,
15/11/2019,CHAPULTEPEC,546,
15/11/2019,CHAPULTEPEC,543,
15/11/2019,CHAPULTEPEC,548,
15/11/2019,CHAPULTEPEC,9064,
15/11/2019,CHAPULTEPEC,7564,
15/11/2019,CHAPULTEPEC,7546,
15/11/2019,CHAPULTEPEC,5970,
15/11/2019,CHAPULTEPEC,6513,
15/11/2019,CHAPULTEPEC,7108,
15/11/2019,CHAPULTEPEC,7977,
15/11/2019,CHAPULTEPEC,690,
15/11/2019,CHAPULTEPEC,6179,
15/11/2019,CHAPULTEPEC,6178,
16/11/2019,CHAPULTEPEC,542,
16/11/2019,CHAPULTEPEC,541,
16/11/2019,CHAPULTEPEC,544,
16/11/2019,CHAPULTEPEC,545,
16/11/2019,CHAPULTEPEC,540,
16/11/2019,CHAPULTEPEC,7840,
16/11/2019,CHAPULTEPEC,7839,
16/11/2019,CHAPULTEPEC,7132,
16/11/2019,CHAPULTEPEC,8855,
16/11/2019,CHAPULTEPEC,5555,
16/11/2019,PDV ISABEL,976,
16/11/2019,PDV ISABEL,977,
16/11/2019,PDV ISABEL,2687,
16/11/2019,PDV ISABEL,2847,
16/11/2019,PDV ISABEL,2846,
16/11/2019,PDV ISABEL,2845,
16/11/2019,PDV ISABEL,2771,
16/11/2019,PDV ISABEL,7256,
16/11/2019,PDV ISABEL,7255,
16/11/2019,PDV ISABEL,3490,
16/11/2019,PDV ISABEL,7105,
16/11/2019,PDV ISABEL,1628,
16/11/2019,PDV ISABEL,7257,
16/11/2019,PDV ISABEL,7055,
16/11/2019,PDV ISABEL,7054,
16/11/2019,PDV ISABEL,3491,
16/11/2019,PDV ISABEL,1627,
16/11/2019,PDV QUERETARO,7751,
16/11/2019,PDV LEON,9547,
16/11/2019,PDV LEON,1806,
16/11/2019,PDV LEON,1807,
16/11/2019,PDV LEON,3520,
16/11/2019,PDV LEON,9549,
16/11/2019,PDV LEON,1804,
16/11/2019,PDV LEON,9546,
16/11/2019,PDV LEON,9218,
16/11/2019,PDV LEON,1751,
16/11/2019,PDV LEON,8212,
16/11/2019,PDV LEON,9266,
16/11/2019,PDV LEON,9267,
16/11/2019,PDV LEON,9357,
16/11/2019,PDV LEON,9358,
16/11/2019,PDV LEON,9359,
16/11/2019,PDV LEON,4676,
16/11/2019,PDV LEON,3327,
16/11/2019,PDV LEON,4678,
16/11/2019,SLP,3155,
16/11/2019,SLP,3154,
16/11/2019,SLP,4626,
16/11/2019,SLP,4627,
16/11/2019,SLP,4628,
16/11/2019,SLP,4631,
16/11/2019,SLP,4540,
16/11/2019,SLP,4541,
16/11/2019,SLP,5046,
16/11/2019,SLP,5225,
16/11/2019,SLP,5585,
16/11/2019,SLP,5586,
16/11/2019,SLP,5587,
16/11/2019,SLP,5588,
16/11/2019,SLP,5589,
16/11/2019,SLP,5590,
16/11/2019,SLP,5591,
16/11/2019,SLP,5592,
16/11/2019,SLP,5593,
16/11/2019,SLP,5594,
16/11/2019,SLP,5595,
16/11/2019,SLP,5596,
16/11/2019,SLP,5597,
16/11/2019,SLP,5598,
16/11/2019,SLP,5599,
16/11/2019,SLP,5600,
16/11/2019,SLP,5050,
16/11/2019,PDV VERACRUZ,8510,
16/11/2019,PDV VERACRUZ,1926,
16/11/2019,PDV VERACRUZ,8511,
16/11/2019,PDV VERACRUZ,8512,
16/11/2019,TORREON,4823,
16/11/2019,TORREON,4504,
16/11/2019,TORREON,7781,
16/11/2019,TORREON,9773,
16/11/2019,TORREON,4033,
16/11/2019,TORREON,3086,
16/11/2019,TORREON,3085,
16/11/2019,TORREON,2226,
16/11/2019,TORREON,3084,
16/11/2019,TORREON,3087,
16/11/2019,TORREON,4626,
16/11/2019,TORREON,4625,
16/11/2019,TORREON,4627,
16/11/2019,TORREON,4977,
16/11/2019,TORREON,4424,
16/11/2019,TORREON,4031,
16/11/2019,TORREON,9140,
16/11/2019,TORREON,4031,
16/11/2019,TORREON,4589,
16/11/2019,TORREON,4588,
16/11/2019,TORREON,4851,
16/11/2019,TORREON,4979,
16/11/2019,TORREON,4978,
16/11/2019,TORREON,4980,
16/11/2019,TORREON,6472,
16/11/2019,TORREON,3088,
16/11/2019,TORREON,4034,
16/11/2019,TORREON,4036,
16/11/2019,TORREON,4035,
16/11/2019,TORREON,4587,
16/11/2019,TORREON,4685,
16/11/2019,TORREON,4686,
16/11/2019,PUEBLA,8652,
16/11/2019,PUEBLA,8651,
16/11/2019,PUEBLA,8653,
16/11/2019,PUEBLA,1611,
16/11/2019,PUEBLA,2951,
16/11/2019,PUEBLA,2952,
16/11/2019,PUEBLA,2953,
16/11/2019,PUEBLA,O891,
16/11/2019,PUEBLA,O892,
16/11/2019,PUEBLA,O893,
16/11/2019,PUEBLA,2832,
16/11/2019,PUEBLA,8326,
16/11/2019,PUEBLA,8327,
16/11/2019,PUEBLA,2866,
16/11/2019,PUEBLA,2833,
16/11/2019,PUEBLA,2867,
16/11/2019,MTY,1448,
16/11/2019,MTY,1445,
16/11/2019,MTY,1439,
16/11/2019,MTY,1441,
16/11/2019,MTY,1442,
16/11/2019,MTY,1443,
16/11/2019,MTY,1437,
16/11/2019,MTY,1438,
16/11/2019,MTY,1440,
16/11/2019,MTY,1436,
16/11/2019,MTY,1434,
16/11/2019,MTY,1433,
16/11/2019,MTY,1449,
16/11/2019,MTY,1450,
16/11/2019,MTY,1201,
16/11/2019,MTY,3442,
16/11/2019,MTY,3443,
16/11/2019,MTY,2168,
16/11/2019,MTY,2169,
16/11/2019,MTY,3444,
16/11/2019,MTY,9068,
16/11/2019,MTY,1310,
16/11/2019,MTY,3445,
16/11/2019,MTY,1311,
16/11/2019,MTY,1317,
16/11/2019,MTY,1436,
16/11/2019,MTY,3330,
16/11/2019,MTY,3380,
16/11/2019,MTY,3395,
16/11/2019,MTY,1434,
16/11/2019,MTY,1433,
16/11/2019,MTY,1435,
16/11/2019,MTY,1437,
16/11/2019,MTY,1202,
16/11/2019,MTY,1204,
16/11/2019,MTY,1203,
16/11/2019,MTY,3899,
16/11/2019,MTY,3896,
16/11/2019,MTY,3898,
16/11/2019,MTY,3897,
16/11/2019,MTY,3891,
16/11/2019,PDV MEXICALI,9496,
16/11/2019,PDV MEXICALI,1260,
16/11/2019,PDV MAZATLAN,2580,
16/11/2019,PDV MAZATLAN,2574,
16/11/2019,PDV MAZATLAN,2575,
16/11/2019,PDV MAZATLAN,2578,
16/11/2019,PDV MAZATLAN,2577,
16/11/2019,PDV MAZATLAN,4062,
16/11/2019,PDV MAZATLAN,2579,
16/11/2019,TIJUANA,6238,
16/11/2019,TIJUANA,6244,
16/11/2019,TIJUANA,6241,
16/11/2019,TIJUANA,6242,
16/11/2019,TIJUANA,6240,
16/11/2019,TIJUANA,6243,
16/11/2019,TIJUANA,973,
16/11/2019,TIJUANA,971,
16/11/2019,TIJUANA,974,
16/11/2019,TIJUANA,972,
16/11/2019,TIJUANA,1795,
16/11/2019,TIJUANA,1803,
16/11/2019,TIJUANA,1802,
16/11/2019,TIJUANA,1796,
16/11/2019,TIJUANA,1797,
16/11/2019,TIJUANA,6626,
16/11/2019,TIJUANA,1800,
16/11/2019,TIJUANA,2161,
16/11/2019,TIJUANA,2160,
16/11/2019,TIJUANA,1409,
16/11/2019,TIJUANA,1408,
16/11/2019,TIJUANA,1770,
16/11/2019,TIJUANA,1769,
16/11/2019,TIJUANA,1775,
16/11/2019,TIJUANA,1767,
16/11/2019,TIJUANA,1776,
16/11/2019,TIJUANA,6239,
16/11/2019,TIJUANA,977,
16/11/2019,TIJUANA,324,
16/11/2019,TIJUANA,2569,
16/11/2019,TIJUANA,326,
16/11/2019,TIJUANA,325,
16/11/2019,TIJUANA,976,
16/11/2019,TIJUANA,95,
16/11/2019,TIJUANA,1901,
16/11/2019,TIJUANA,1802,
16/11/2019,TIJUANA,1820,
16/11/2019,TIJUANA,1821,
16/11/2019,TIJUANA,1822,
16/11/2019,TIJUANA,1804,
16/11/2019,TIJUANA,1814,
16/11/2019,TIJUANA,1815,
16/11/2019,TIJUANA,1813,
16/11/2019,TIJUANA,1801,
16/11/2019,TIJUANA,1816,
16/11/2019,TIJUANA,1806,
16/11/2019,TIJUANA,327,
16/11/2019,TIJUANA,328,
16/11/2019,AMERICAS,5526,
16/11/2019,AMERICAS,5525,
16/11/2019,AMERICAS,5523,
16/11/2019,AMERICAS,6024,
16/11/2019,AMERICAS,5524,
16/11/2019,AMERICAS,5285,
16/11/2019,AMERICAS,5286,
16/11/2019,AMERICAS,5287,
16/11/2019,AMERICAS,5263,
16/11/2019,AMERICAS,5727,
16/11/2019,AMERICAS,5313,
16/11/2019,AMERICAS,7227,
16/11/2019,AMERICAS,5534,
16/11/2019,AMERICAS,5535,
16/11/2019,AMERICAS,7228,
16/11/2019,AMERICAS,5312,
16/11/2019,AMERICAS,5314,
16/11/2019,AMERICAS,7066,
16/11/2019,AMERICAS,7065,
16/11/2019,AMERICAS,7067,
16/11/2019,AMERICAS,5372,
16/11/2019,AMERICAS,9132,
16/11/2019,AMERICAS,300,
16/11/2019,AMERICAS,5726,
16/11/2019,AMERICAS,7069,
16/11/2019,AMERICAS,7068,
16/11/2019,AMERICAS,7070,
16/11/2019,AMERICAS,5290,
16/11/2019,AMERICAS,1981,
16/11/2019,AMERICAS,1982,
16/11/2019,AMERICAS,1983,
16/11/2019,AMERICAS,1984,
16/11/2019,AMERICAS,1985,
16/11/2019,AMERICAS,1986,
16/11/2019,AMERICAS,1987,
16/11/2019,AMERICAS,2499,
16/11/2019,AMERICAS,7226,
16/11/2019,AMERICAS,1677,
16/11/2019,AMERICAS,1676,
16/11/2019,AMERICAS,1893,
16/11/2019,AMERICAS,1892,
16/11/2019,AMERICAS,5793,
16/11/2019,AMERICAS,1755,
16/11/2019,AMERICAS,1890,
16/11/2019,AMERICAS,1675,
16/11/2019,AMERICAS,1891,
16/11/2019,AMERICAS,5566,
16/11/2019,AMERICAS,5846,
16/11/2019,AMERICAS,5282,
16/11/2019,AMERICAS,5283,
16/11/2019,AMERICAS,3604,
16/11/2019,AMERICAS,3608,
16/11/2019,AMERICAS,3607,
16/11/2019,AMERICAS,7186,
16/11/2019,AMERICAS,7188,
16/11/2019,AMERICAS,7187,
16/11/2019,AMERICAS,7225,
16/11/2019,AMERICAS,6350,
16/11/2019,AMERICAS,2432,
16/11/2019,AMERICAS,5845,
16/11/2019,AMERICAS,5226,
16/11/2019,AMERICAS,5229,
16/11/2019,AMERICAS,5228,
16/11/2019,AMERICAS,5231,
16/11/2019,AMERICAS,5230,
16/11/2019,AMERICAS,5227,
16/11/2019,AMERICAS,3609,
16/11/2019,AMERICAS,3610,
16/11/2019,ENSENADA,7794,
16/11/2019,ENSENADA,1006,
16/11/2019,ENSENADA,302,
16/11/2019,ENSENADA,1338,
16/11/2019,ENSENADA,1337,
16/11/2019,ENSENADA,1336,
16/11/2019,ENSENADA,1202,
16/11/2019,ENSENADA,1831,
16/11/2019,ENSENADA,8905,
16/11/2019,ENSENADA,466,
16/11/2019,ENSENADA,467,
16/11/2019,ENSENADA,1307,
16/11/2019,ENSENADA,8300,
16/11/2019,ENSENADA,8331,
16/11/2019,ENSENADA,1454,
16/11/2019,ENSENADA,1101,
16/11/2019,ENSENADA,1461,
16/11/2019,ENSENADA,1304,
16/11/2019,ENSENADA,1102,
16/11/2019,ENSENADA,1201,
16/11/2019,ENSENADA,468,
16/11/2019,ENSENADA,307,
16/11/2019,ENSENADA,1624,
16/11/2019,ENSENADA,1203,
16/11/2019,ENSENADA,1425,
16/11/2019,ENSENADA,1007,
16/11/2019,ENSENADA,1426,
16/11/2019,ENSENADA,1201,
16/11/2019,ENSENADA,1203,
16/11/2019,ENSENADA,1203,
16/11/2019,ENSENADA,1007,
16/11/2019,ENSENADA,1425,
16/11/2019,ENSENADA,1426,
16/11/2019,ENSENADA,1464,
16/11/2019,HERMOSILLO,4600,
16/11/2019,HERMOSILLO,4601,
16/11/2019,HERMOSILLO,4602,
16/11/2019,HERMOSILLO,4603,
16/11/2019,HERMOSILLO,4604,
16/11/2019,HERMOSILLO,4605,
16/11/2019,HERMOSILLO,4606,
16/11/2019,HERMOSILLO,4607,
16/11/2019,HERMOSILLO,4608,
16/11/2019,HERMOSILLO,4609,
16/11/2019,HERMOSILLO,4156,
16/11/2019,HERMOSILLO,4158,
16/11/2019,HERMOSILLO,4157,
16/11/2019,HERMOSILLO,7976,
16/11/2019,HERMOSILLO,7977,
16/11/2019,HERMOSILLO,7955,
16/11/2019,HERMOSILLO,7978,
16/11/2019,HERMOSILLO,7979,
16/11/2019,HERMOSILLO,4212,
16/11/2019,HERMOSILLO,2580,
16/11/2019,HERMOSILLO,5032,
16/11/2019,HERMOSILLO,4610,
16/11/2019,HERMOSILLO,4611,
16/11/2019,HERMOSILLO,4612,
16/11/2019,HERMOSILLO,4613,
16/11/2019,HERMOSILLO,4614,
16/11/2019,HERMOSILLO,4615,
16/11/2019,HERMOSILLO,4616,
16/11/2019,HERMOSILLO,4617,
16/11/2019,HERMOSILLO,4618,
16/11/2019,HERMOSILLO,4619,
16/11/2019,HERMOSILLO,2523,
19/11/2019,TIJUANA,3068,
19/11/2019,TIJUANA,3067,
19/11/2019,TIJUANA,1902,
19/11/2019,TIJUANA,1204,
19/11/2019,TIJUANA,1903,
19/11/2019,TIJUANA,1907,
19/11/2019,TIJUANA,1906,
19/11/2019,TIJUANA,1905,
19/11/2019,TIJUANA,1818,
19/11/2019,TIJUANA,1824,
19/11/2019,TIJUANA,1831,
19/11/2019,TIJUANA,1825,
19/11/2019,TIJUANA,1843,
19/11/2019,TIJUANA,1823,
19/11/2019,TIJUANA,1847,
19/11/2019,TIJUANA,1817,
19/11/2019,TIJUANA,1816,
19/11/2019,TIJUANA,1819,
19/11/2019,TIJUANA,1822,
19/11/2019,TIJUANA,1841,
19/11/2019,TIJUANA,1820,
19/11/2019,TIJUANA,1814,
19/11/2019,TIJUANA,1828,
19/11/2019,TIJUANA,1829,
19/11/2019,TIJUANA,1813,
19/11/2019,TIJUANA,1845,
19/11/2019,TIJUANA,1830,
19/11/2019,TIJUANA,1839,
19/11/2019,TIJUANA,1827,
19/11/2019,TIJUANA,1844,
19/11/2019,TIJUANA,1836,
19/11/2019,TIJUANA,1837,
19/11/2019,TIJUANA,1826,
19/11/2019,TIJUANA,1840,
19/11/2019,TIJUANA,1832,
19/11/2019,TIJUANA,1848,
19/11/2019,TIJUANA,1833,
19/11/2019,TIJUANA,1834,
19/11/2019,TIJUANA,7258,
19/11/2019,TIJUANA,2576,
19/11/2019,TIJUANA,2573,
19/11/2019,TIJUANA,2575,
19/11/2019,TIJUANA,2163,
19/11/2019,TIJUANA,1911,
19/11/2019,TIJUANA,1910,
19/11/2019,TIJUANA,1909,
19/11/2019,TIJUANA,1908,
19/11/2019,TIJUANA,1834,
19/11/2019,TIJUANA,1929,
19/11/2019,TIJUANA,1928,
19/11/2019,TIJUANA,1930,
19/11/2019,TIJUANA,979,
19/11/2019,TIJUANA,975,
19/11/2019,TIJUANA,978,
19/11/2019,VERACRUZ,5676,
19/11/2019,VERACRUZ,8518,
19/11/2019,VERACRUZ,5675,
19/11/2019,VERACRUZ,4668,
19/11/2019,VERACRUZ,5674,
19/11/2019,VERACRUZ,8519,
19/11/2019,VERACRUZ,8520,
19/11/2019,VERACRUZ,8521,
19/11/2019,VERACRUZ,8522,
19/11/2019,VERACRUZ,8523,
19/11/2019,VERACRUZ,8513,
19/11/2019,VERACRUZ,8514,
19/11/2019,VERACRUZ,8515,
19/11/2019,VERACRUZ,8516,
19/11/2019,VERACRUZ,8517,
19/11/2019,VERACRUZ,8524,
19/11/2019,VERACRUZ,8525,
19/11/2019,VERACRUZ,8526,
19/11/2019,VERACRUZ,9546,
19/11/2019,VERACRUZ,4630,
19/11/2019,VERACRUZ,4629,
19/11/2019,VERACRUZ,4628,
19/11/2019,VERACRUZ,4627,
19/11/2019,VERACRUZ,4631,
19/11/2019,VERACRUZ,4632,
19/11/2019,VERACRUZ,4633,
19/11/2019,VERACRUZ,4635,
19/11/2019,VERACRUZ,4634,
19/11/2019,VERACRUZ,8537,
19/11/2019,VERACRUZ,8536,
19/11/2019,VERACRUZ,8538,
19/11/2019,SLP,5114,
19/11/2019,SLP,3738,
19/11/2019,SLP,5601,
19/11/2019,SLP,5602,
19/11/2019,SLP,5603,
19/11/2019,SLP,5604,
19/11/2019,SLP,5605,
19/11/2019,SLP,4587,
19/11/2019,SLP,4588,
19/11/2019,SLP,4589,
19/11/2019,SLP,4590,
19/11/2019,SLP,4623,
19/11/2019,SLP,4624,
19/11/2019,SLP,6602,
19/11/2019,SLP,6603,
19/11/2019,SLP,6604,
19/11/2019,SLP,4542,
19/11/2019,SLP,4543,
19/11/2019,SLP,4544,
19/11/2019,SLP,4545,
19/11/2019,SLP,4546,
19/11/2019,SLP,6605,
19/11/2019,SLP,4733,
19/11/2019,SLP,4737,
19/11/2019,SLP,4738,
19/11/2019,SLP,6606,
19/11/2019,SLP,6607,
19/11/2019,SLP,6608,
19/11/2019,SLP,6609,
19/11/2019,SLP,6610,
19/11/2019,SLP,6611,
19/11/2019,SLP,6612,
19/11/2019,SLP,6613,
19/11/2019,SLP,6614,
19/11/2019,SLP,6615,
19/11/2019,SLP,6616,
19/11/2019,SLP,6617,
19/11/2019,SLP,6618,
19/11/2019,SLP,6619,
19/11/2019,SLP,3051,
19/11/2019,SLP,3052,
19/11/2019,SLP,3053,
19/11/2019,SLP,3054,
19/11/2019,SLP,3055,
19/11/2019,SLP,3056,
19/11/2019,SLP,3057,
19/11/2019,SLP,3058,
19/11/2019,SLP,3059,
19/11/2019,SLP,3060,
19/11/2019,SLP,4747,
19/11/2019,SLP,4748,
19/11/2019,SLP,4749,
19/11/2019,SLP,4750,
19/11/2019,SLP,5606,
19/11/2019,SLP,5607,
19/11/2019,SLP,5608,
19/11/2019,SLP,5609,
19/11/2019,SLP,5610,
19/11/2019,SLP,5611,
19/11/2019,SLP,5612,
19/11/2019,SLP,5613,
19/11/2019,SLP,5614,
19/11/2019,SLP,5615,
19/11/2019,SLP,5616,
19/11/2019,SLP,5617,
19/11/2019,SLP,5618,
19/11/2019,SLP,5619,
19/11/2019,SLP,4629,
19/11/2019,SLP,4630,
19/11/2019,SLP,4632,
19/11/2019,SLP,4633,
19/11/2019,SLP,4634,
19/11/2019,SLP,4635,
19/11/2019,SLP,4636,
19/11/2019,SLP,4637,
19/11/2019,SLP,5083,
19/11/2019,SLP,5084,
19/11/2019,SLP,5085,
19/11/2019,SLP,5086,
19/11/2019,SLP,5087,
19/11/2019,SLP,6620,
19/11/2019,SLP,8174,
19/11/2019,SLP,6485,
19/11/2019,SLP,5620,
19/11/2019,SLP,8744,
19/11/2019,SLP,4603,
19/11/2019,SLP,5709,
19/11/2019,SLP,5710,
19/11/2019,SLP,5711,
19/11/2019,SLP,5712,
19/11/2019,SLP,3697,
19/11/2019,SLP,5227,
19/11/2019,SLP,3974,
19/11/2019,SLP,5228,
19/11/2019,SLP,5229,
19/11/2019,SLP,5230,
19/11/2019,SLP,6621,
19/11/2019,SLP,6622,
19/11/2019,SLP,4739,
19/11/2019,SLP,4740,
19/11/2019,SLP,4702,
19/11/2019,SLP,9609,
19/11/2019,TORREON,4687,
19/11/2019,TORREON,4688,
19/11/2019,TORREON,4689,
19/11/2019,TORREON,4038,
19/11/2019,TORREON,4037,
19/11/2019,TORREON,3156,
19/11/2019,TORREON,4825,
19/11/2019,TORREON,9774,
19/11/2019,TORREON,4985,
19/11/2019,TORREON,4989,
19/11/2019,TORREON,4990,
19/11/2019,TORREON,4981,
19/11/2019,TORREON,4988,
19/11/2019,TORREON,4982,
19/11/2019,TORREON,4986,
19/11/2019,TORREON,4984,
19/11/2019,TORREON,4983,
19/11/2019,TORREON,4824,
19/11/2019,TORREON,2501,
19/11/2019,TORREON,2506,
19/11/2019,TORREON,2502,
19/11/2019,TORREON,4629,
19/11/2019,TORREON,2507,
19/11/2019,TORREON,2505,
19/11/2019,TORREON,2503,
19/11/2019,TORREON,2504,
19/11/2019,TORREON,4991,
19/11/2019,TORREON,4590,
19/11/2019,TORREON,4188,
19/11/2019,TORREON,4187,
19/11/2019,TORREON,4690,
19/11/2019,TORREON,4692,
19/11/2019,TORREON,4691,
19/11/2019,TORREON,3243,
19/11/2019,TORREON,3246,
19/11/2019,TORREON,3245,
19/11/2019,TORREON,3247,
19/11/2019,TORREON,3242,
19/11/2019,TORREON,3241,
19/11/2019,TORREON,3244,
19/11/2019,TORREON,3248,
19/11/2019,TORREON,9870,
19/11/2019,TORREON,4299,
19/11/2019,TORREON,4296,
19/11/2019,TORREON,4297,
19/11/2019,TORREON,4298,
19/11/2019,TORREON,4693,
19/11/2019,TORREON,6477,
19/11/2019,TORREON,3090,
19/11/2019,TORREON,3094,
19/11/2019,TORREON,3096,
19/11/2019,TORREON,3097,
19/11/2019,TORREON,3093,
19/11/2019,TORREON,3095,
19/11/2019,TORREON,3092,
19/11/2019,TORREON,3091,
19/11/2019,TORREON,4041,
19/11/2019,TORREON,4039,
19/11/2019,TORREON,4042,
19/11/2019,TORREON,4040,
19/11/2019,TORREON,6475,
19/11/2019,TORREON,2227,
19/11/2019,TORREON,4694,
19/11/2019,TORREON,4696,
19/11/2019,TORREON,4695,
19/11/2019,TORREON,4425,
19/11/2019,TORREON,4426,
19/11/2019,TORREON,5088,
19/11/2019,TORREON,4043,
19/11/2019,TORREON,6479,
19/11/2019,TORREON,6478,
19/11/2019,TORREON,6473,
19/11/2019,TORREON,6474,
19/11/2019,TORREON,6476,
19/11/2019,TORREON,4697,
19/11/2019,TORREON,4698,
19/11/2019,TORREON,7783,
19/11/2019,TORREON,7782,
19/11/2019,PDV MORELIA,2464,
19/11/2019,PDV MORELIA,2403,
19/11/2019,PDV ISABEL,1619,
19/11/2019,PDV ISABEL,7577,
19/11/2019,PDV ISABEL,7579,
19/11/2019,PDV ISABEL,1625,
19/11/2019,PDV ISABEL,7578,
19/11/2019,PDV ISABEL,1632,
19/11/2019,PDV ISABEL,3315,
19/11/2019,PDV ISABEL,5705,
19/11/2019,PDV ISABEL,5704,
19/11/2019,PDV ISABEL,5703,
19/11/2019,PDV ISABEL,3317,
19/11/2019,PDV ISABEL,3316,
19/11/2019,PDV ISABEL,2955,
19/11/2019,PDV ISABEL,4780,
19/11/2019,PDV ISABEL,4781,
19/11/2019,PDV ISABEL,1626,
19/11/2019,PDV ISABEL,1530,
19/11/2019,PDV ISABEL,1636,
19/11/2019,PDV ISABEL,1638,
19/11/2019,PDV ISABEL,6728,
19/11/2019,PDV ISABEL,6729,
19/11/2019,PDV ISABEL,2340,
19/11/2019,PDV ISABEL,2346,
19/11/2019,PDV ISABEL,2341,
19/11/2019,PDV ISABEL,2344,
19/11/2019,PDV ISABEL,2345,
19/11/2019,PDV ISABEL,2343,
19/11/2019,PDV ISABEL,2342,
19/11/2019,PDV ISABEL,1647,
19/11/2019,PDV ISABEL,1645,
19/11/2019,PDV ISABEL,1642,
19/11/2019,PDV ISABEL,1644,
19/11/2019,PDV ISABEL,1641,
19/11/2019,PDV ISABEL,1640,
19/11/2019,PDV ISABEL,1643,
19/11/2019,PDV ISABEL,1655,
19/11/2019,PDV ISABEL,1654,
19/11/2019,PDV ISABEL,1649,
19/11/2019,PDV ISABEL,1651,
19/11/2019,PDV ISABEL,1650,
19/11/2019,PDV ISABEL,1504,
19/11/2019,PDV ISABEL,1505,
19/11/2019,PDV ISABEL,1506,
19/11/2019,PDV ISABEL,1507,
19/11/2019,PDV ISABEL,1630,
19/11/2019,PDV ISABEL,1631,
19/11/2019,PDV ISABEL,1629,
19/11/2019,PDV ISABEL,1635,
19/11/2019,PDV ISABEL,1653,
19/11/2019,PDV ISABEL,1639,
19/11/2019,PDV ISABEL,1652,
19/11/2019,PDV LEON,2700,
19/11/2019,PDV LEON,1818,
19/11/2019,PDV LEON,2537,
19/11/2019,PDV LEON,9747,
19/11/2019,PDV LEON,9121,
19/11/2019,PDV LEON,9122,
19/11/2019,PDV LEON,9123,
19/11/2019,PDV LEON,9137,
19/11/2019,PDV LEON,9126,
19/11/2019,PDV LEON,9125,
19/11/2019,PDV LEON,9128,
19/11/2019,PDV LEON,9129,
19/11/2019,PDV LEON,9124,
19/11/2019,PDV LEON,9130,
19/11/2019,PDV LEON,9116,
19/11/2019,PDV LEON,9117,
19/11/2019,PDV LEON,9118,
19/11/2019,PDV LEON,9131,
19/11/2019,PDV LEON,9132,
19/11/2019,PDV LEON,9133,
19/11/2019,PDV LEON,9743,
19/11/2019,PDV LEON,9741,
19/11/2019,PDV LEON,9742,
19/11/2019,PDV LEON,4678,
19/11/2019,PDV LEON,9744,
19/11/2019,PDV LEON,9221,
19/11/2019,PDV LEON,9220,
19/11/2019,PDV LEON,9745,
19/11/2019,PDV LEON,9806,
19/11/2019,PDV LEON,3328,
19/11/2019,PDV LEON,2140,
19/11/2019,PDV LEON,9809,
19/11/2019,PDV LEON,3331,
19/11/2019,PDV LEON,9830,
19/11/2019,PDV LEON,2947,
19/11/2019,PDV LEON,2536,
19/11/2019,PDV LEON,9808,
19/11/2019,PDV LEON,2538,
19/11/2019,PDV LEON,9807,
19/11/2019,PDV LEON,3330,
19/11/2019,PDV LEON,8429,
19/11/2019,PDV LEON,1813,
19/11/2019,PDV LEON,1810,
19/11/2019,PDV LEON,9746,
19/11/2019,PDV LEON,8431,
19/11/2019,PDV LEON,8430,
19/11/2019,PDV LEON,*0026,
19/11/2019,PDV LEON,*0027,
19/11/2019,PDV LEON,162,
19/11/2019,PDV LEON,160,
19/11/2019,PDV LEON,2883,
19/11/2019,PDV LEON,1814,
19/11/2019,PDV LEON,1815,
19/11/2019,PDV LEON,9810,
19/11/2019,PDV LEON,1817,
19/11/2019,PDV LEON,1812,
19/11/2019,PDV LEON,1808,
19/11/2019,PDV LEON,9748,
19/11/2019,PDV LEON,9749,
19/11/2019,PDV LEON,1907,
19/11/2019,PDV LEON,9219-A,
19/11/2019,MTY,1213,
19/11/2019,MTY,1211,
19/11/2019,MTY,1207,
19/11/2019,MTY,1208,
19/11/2019,MTY,1209,
19/11/2019,MTY,3332,
19/11/2019,MTY,1212,
19/11/2019,MTY,2002,
19/11/2019,MTY,2001,
19/11/2019,MTY,1214,
19/11/2019,MTY,2170,
19/11/2019,MTY,5926,
19/11/2019,MTY,5925,
19/11/2019,MTY,3333,
19/11/2019,MTY,1210,
19/11/2019,MTY,1206,
19/11/2019,MTY,1435,
19/11/2019,MTY,8776,
19/11/2019,MTY,8777,
19/11/2019,MTY,1216,
19/11/2019,MTY,1223,
19/11/2019,MTY,1224,
19/11/2019,MTY,1225,
19/11/2019,MTY,1226,
19/11/2019,MTY,1227,
19/11/2019,MTY,1228,
19/11/2019,MTY,1229,
19/11/2019,MTY,1230,
19/11/2019,MTY,1222,
19/11/2019,MTY,1221,
19/11/2019,MTY,1220,
19/11/2019,MTY,1234,
19/11/2019,MTY,1237,
19/11/2019,MTY,1235,
19/11/2019,MTY,6686,
19/11/2019,MTY,1238,
19/11/2019,MTY,3446,
19/11/2019,MTY,1219,
19/11/2019,MTY,1218,
19/11/2019,MTY,1217,
19/11/2019,MTY,1294,
19/11/2019,MTY,8894,
19/11/2019,MTY,8893,
19/11/2019,MTY,1239,
19/11/2019,MTY,7375,
19/11/2019,MTY,3335,
19/11/2019,MTY,3334,
19/11/2019,MTY,7373,
19/11/2019,MTY,7376,
19/11/2019,MTY,7377,
19/11/2019,MTY,7374,
19/11/2019,MTY,7636,
19/11/2019,MTY,7629,
19/11/2019,MTY,7634,
19/11/2019,MTY,7630,
19/11/2019,MTY,7635,
19/11/2019,MTY,7633,
19/11/2019,MTY,7632,
19/11/2019,MTY,7631,
19/11/2019,CHAPULTEPEC,4814,
19/11/2019,CHAPULTEPEC,5601,
19/11/2019,CHAPULTEPEC,550,
19/11/2019,CHAPULTEPEC,5603,
19/11/2019,CHAPULTEPEC,549,
19/11/2019,CHAPULTEPEC,5602,
19/11/2019,CHAPULTEPEC,5604,
19/11/2019,CHAPULTEPEC,6512,
19/11/2019,CHAPULTEPEC,6422,
19/11/2019,CHAPULTEPEC,5808,
19/11/2019,CHAPULTEPEC,9202,
19/11/2019,CHAPULTEPEC,7099,
19/11/2019,CHAPULTEPEC,9201,
19/11/2019,CHAPULTEPEC,9204,
19/11/2019,CHAPULTEPEC,7097,
19/11/2019,CHAPULTEPEC,7098,
19/11/2019,CHAPULTEPEC,7100,
19/11/2019,CHAPULTEPEC,9203,
19/11/2019,CHAPULTEPEC,7096,
19/11/2019,CHAPULTEPEC,7095,
19/11/2019,CHAPULTEPEC,1428,
19/11/2019,CHAPULTEPEC,1427,
19/11/2019,CHAPULTEPEC,1426,
19/11/2019,CHAPULTEPEC,1425,
19/11/2019,CHAPULTEPEC,5809,
19/11/2019,CHAPULTEPEC,5810,
19/11/2019,CHAPULTEPEC,9408,
19/11/2019,CHAPULTEPEC,5971,
19/11/2019,CHAPULTEPEC,5973,
19/11/2019,CHAPULTEPEC,5972,
19/11/2019,CHAPULTEPEC,2392,
19/11/2019,CHAPULTEPEC,256,
19/11/2019,CHAPULTEPEC,6947,
19/11/2019,CHAPULTEPEC,6945,
19/11/2019,CHAPULTEPEC,6946,
19/11/2019,CHAPULTEPEC,5522,
19/11/2019,CHAPULTEPEC,5761,
19/11/2019,CHAPULTEPEC,5442,
19/11/2019,CHAPULTEPEC,5441,
19/11/2019,CHAPULTEPEC,5440,
19/11/2019,CHAPULTEPEC,9693,
19/11/2019,CHAPULTEPEC,9692,
19/11/2019,CHAPULTEPEC,9696,
19/11/2019,CHAPULTEPEC,9695,
19/11/2019,CHAPULTEPEC,9691,
19/11/2019,CHAPULTEPEC,9700,
19/11/2019,CHAPULTEPEC,9698,
19/11/2019,CHAPULTEPEC,9699,
19/11/2019,CHAPULTEPEC,9690,
19/11/2019,CHAPULTEPEC,9697,
19/11/2019,CHAPULTEPEC,9694,
19/11/2019,CHAPULTEPEC,4879,
19/11/2019,CHAPULTEPEC,4878,
19/11/2019,CHAPULTEPEC,4756,
19/11/2019,CHAPULTEPEC,7131,
19/11/2019,CHAPULTEPEC,4754,
19/11/2019,CHAPULTEPEC,4755,
19/11/2019,CHAPULTEPEC,4752,
19/11/2019,CHAPULTEPEC,4751,
19/11/2019,CHAPULTEPEC,4753,
19/11/2019,CHAPULTEPEC,4892,
19/11/2019,CHAPULTEPEC,5763,
19/11/2019,CHAPULTEPEC,5764,
19/11/2019,CHAPULTEPEC,5765,
19/11/2019,CHAPULTEPEC,803,
19/11/2019,CHAPULTEPEC,802,
19/11/2019,CHAPULTEPEC,801,
19/11/2019,CHAPULTEPEC,805,
19/11/2019,CHAPULTEPEC,806,
19/11/2019,CHAPULTEPEC,807,
19/11/2019,CHAPULTEPEC,1710,
19/11/2019,CHAPULTEPEC,1717,
19/11/2019,CHAPULTEPEC,1706,
19/11/2019,CHAPULTEPEC,4397,
19/11/2019,CHAPULTEPEC,1708,
19/11/2019,CHAPULTEPEC,1720,
19/11/2019,CHAPULTEPEC,1709,
19/11/2019,CHAPULTEPEC,1715,
19/11/2019,CHAPULTEPEC,1707,
19/11/2019,CHAPULTEPEC,1719,
19/11/2019,CHAPULTEPEC,1722,
19/11/2019,CHAPULTEPEC,1705,
19/11/2019,CHAPULTEPEC,1734,
19/11/2019,CHAPULTEPEC,4388,
19/11/2019,CHAPULTEPEC,1725,
19/11/2019,CHAPULTEPEC,1736,
19/11/2019,CHAPULTEPEC,1714,
19/11/2019,CHAPULTEPEC,4395,
19/11/2019,CHAPULTEPEC,1723,
19/11/2019,CHAPULTEPEC,4392,
19/11/2019,CHAPULTEPEC,4389,
19/11/2019,CHAPULTEPEC,4393,
19/11/2019,CHAPULTEPEC,4394,
19/11/2019,CHAPULTEPEC,4390,
19/11/2019,CHAPULTEPEC,4400,
19/11/2019,CHAPULTEPEC,1703,
19/11/2019,CHAPULTEPEC,1713,
19/11/2019,CHAPULTEPEC,1721,
19/11/2019,CHAPULTEPEC,1718,
19/11/2019,CHAPULTEPEC,1712,
19/11/2019,CHAPULTEPEC,4382,
19/11/2019,CHAPULTEPEC,4378,
19/11/2019,CHAPULTEPEC,1711,
19/11/2019,CHAPULTEPEC,4380,
19/11/2019,CHAPULTEPEC,1704,
19/11/2019,CHAPULTEPEC,4383,
19/11/2019,CHAPULTEPEC,1728,
19/11/2019,CHAPULTEPEC,1731,
19/11/2019,CHAPULTEPEC,1732,
19/11/2019,CHAPULTEPEC,1735,
19/11/2019,CHAPULTEPEC,1724,
19/11/2019,CHAPULTEPEC,4391,
19/11/2019,CHAPULTEPEC,1733,
19/11/2019,CHAPULTEPEC,1716,
19/11/2019,CHAPULTEPEC,1726,
19/11/2019,CHAPULTEPEC,1730,
19/11/2019,CHAPULTEPEC,1727,
19/11/2019,CHAPULTEPEC,1729,
19/11/2019,CHAPULTEPEC,1737,
19/11/2019,CHAPULTEPEC,1738,
19/11/2019,CHAPULTEPEC,1741,
19/11/2019,CHAPULTEPEC,1744,
19/11/2019,CHAPULTEPEC,1740,
19/11/2019,CHAPULTEPEC,1747,
19/11/2019,CHAPULTEPEC,1745,
19/11/2019,CHAPULTEPEC,4396,
19/11/2019,CHAPULTEPEC,1739,
19/11/2019,CHAPULTEPEC,1742,
19/11/2019,CHAPULTEPEC,1743,
19/11/2019,CHAPULTEPEC,1746,
19/11/2019,CHAPULTEPEC,4385,
19/11/2019,CHAPULTEPEC,4386,
19/11/2019,CHAPULTEPEC,4381,
19/11/2019,CHAPULTEPEC,1702,
19/11/2019,CHAPULTEPEC,4399,
19/11/2019,CHAPULTEPEC,4382,
19/11/2019,CHAPULTEPEC,4384,
19/11/2019,CHAPULTEPEC,4398,
19/11/2019,CHAPULTEPEC,4374,
19/11/2019,CHAPULTEPEC,4875,
19/11/2019,CHAPULTEPEC,4815,
19/11/2019,CHAPULTEPEC,4876,
19/11/2019,CHAPULTEPEC,4813,
19/11/2019,CHAPULTEPEC,6480,
19/11/2019,PDV MAZATLAN,2590,
19/11/2019,PDV MAZATLAN,2583,
19/11/2019,PDV MAZATLAN,2587,
19/11/2019,PDV MAZATLAN,2586,
19/11/2019,PDV MAZATLAN,2585,
19/11/2019,PDV MAZATLAN,2584,
19/11/2019,PDV MAZATLAN,2588,
19/11/2019,PDV MAZATLAN,2589,
19/11/2019,PDV MAZATLAN,119,
19/11/2019,PDV MAZATLAN,120,
19/11/2019,PDV MAZATLAN,7555,
19/11/2019,PDV MAZATLAN,6899,
19/11/2019,PDV MAZATLAN,6897,
19/11/2019,PDV MAZATLAN,6898,
19/11/2019,PDV MAZATLAN,164,
19/11/2019,PDV MAZATLAN,165,
19/11/2019,PDV MAZATLAN,2581,
19/11/2019,PDV MAZATLAN,2653,
19/11/2019,PDV MAZATLAN,2582,
19/11/2019,PDV MAZATLAN,2579,
19/11/2019,PDV MAZATLAN,6945,
19/11/2019,PDV MAZATLAN,2592,
19/11/2019,PDV MAZATLAN,2591,
19/11/2019,PDV MAZATLAN,3625,
19/11/2019,CHIHUAHUA,2180,
19/11/2019,CHIHUAHUA,2181,
19/11/2019,CHIHUAHUA,2177,
19/11/2019,CHIHUAHUA,2983,
19/11/2019,CHIHUAHUA,2987,
19/11/2019,CHIHUAHUA,2984,
19/11/2019,CHIHUAHUA,2981,
19/11/2019,CHIHUAHUA,2993,
19/11/2019,CHIHUAHUA,3000,
19/11/2019,CHIHUAHUA,2964,
19/11/2019,CHIHUAHUA,2999,
19/11/2019,CHIHUAHUA,2998,
19/11/2019,CHIHUAHUA,2982,
19/11/2019,CHIHUAHUA,2985,
19/11/2019,CHIHUAHUA,2959,
19/11/2019,CHIHUAHUA,2989,
19/11/2019,CHIHUAHUA,2975,
19/11/2019,CHIHUAHUA,3013,
19/11/2019,CHIHUAHUA,3003,
19/11/2019,CHIHUAHUA,3016,
19/11/2019,CHIHUAHUA,2977,
19/11/2019,CHIHUAHUA,3019,
19/11/2019,CHIHUAHUA,3015,
19/11/2019,CHIHUAHUA,2979,
19/11/2019,CHIHUAHUA,3021,
19/11/2019,CHIHUAHUA,3767,
19/11/2019,CHIHUAHUA,3768,
19/11/2019,CHIHUAHUA,3769,
19/11/2019,CHIHUAHUA,3770,
19/11/2019,CHIHUAHUA,3771,
19/11/2019,CHIHUAHUA,3772,
19/11/2019,CHIHUAHUA,3773,
19/11/2019,CHIHUAHUA,3774,
19/11/2019,CHIHUAHUA,935,
19/11/2019,CHIHUAHUA,934,
19/11/2019,CHIHUAHUA,3853,
19/11/2019,CHIHUAHUA,3854,
19/11/2019,CHIHUAHUA,3852,
19/11/2019,CHIHUAHUA,2423,
19/11/2019,CHIHUAHUA,2422,
19/11/2019,CHIHUAHUA,4912,
19/11/2019,CHIHUAHUA,4915,
19/11/2019,CHIHUAHUA,4914,
19/11/2019,CHIHUAHUA,1227,
19/11/2019,CHIHUAHUA,3972,
19/11/2019,CHIHUAHUA,3974,
19/11/2019,CHIHUAHUA,3973,
19/11/2019,CHIHUAHUA,2970,
19/11/2019,CHIHUAHUA,2971,
19/11/2019,PDV MEXICALI,8846,
19/11/2019,PDV MEXICALI,47,
19/11/2019,PDV MEXICALI,48,
19/11/2019,PDV MEXICALI,50,
19/11/2019,PDV MEXICALI,1143,
19/11/2019,PDV MEXICALI,5829,
19/11/2019,PDV MEXICALI,8965,
19/11/2019,PDV MEXICALI,8845,
19/11/2019,PDV MEXICALI,77,
19/11/2019,SLP,5115,
19/11/2019,SLP,5631,
19/11/2019,SLP,5632,
19/11/2019,SLP,5630,
19/11/2019,SLP,5633,
19/11/2019,SLP,5627,
19/11/2019,SLP,5622,
19/11/2019,SLP,5621,
19/11/2019,SLP,5625,
19/11/2019,SLP,5628,
19/11/2019,SLP,5624,
19/11/2019,SLP,5652,
19/11/2019,SLP,5629,
19/11/2019,SLP,5653,
19/11/2019,SLP,5623,
19/11/2019,SLP,5651,
19/11/2019,SLP,5626,
19/11/2019,PUEBLA,O764,
19/11/2019,PUEBLA,O766,
19/11/2019,PUEBLA,O767,
19/11/2019,PUEBLA,O768,
19/11/2019,PUEBLA,O769,
19/11/2019,PUEBLA,O770,
19/11/2019,PUEBLA,O771,
19/11/2019,PUEBLA,O772,
19/11/2019,PUEBLA,O774,
19/11/2019,PUEBLA,O775,
19/11/2019,PUEBLA,O776,
19/11/2019,PUEBLA,O777,
19/11/2019,PUEBLA,8358,
19/11/2019,PUEBLA,4780,
19/11/2019,PUEBLA,2960,
19/11/2019,PUEBLA,2959,
19/11/2019,PUEBLA,2958,
19/11/2019,PUEBLA,2957,
19/11/2019,PUEBLA,2834,
19/11/2019,PUEBLA,2835,
19/11/2019,PUEBLA,O778,
19/11/2019,PUEBLA,O773,
19/11/2019,PUEBLA,2868,
19/11/2019,PUEBLA,2879,
19/11/2019,PUEBLA,2881,
19/11/2019,PUEBLA,7143,
19/11/2019,PUEBLA,O779,
19/11/2019,PUEBLA,2837,
19/11/2019,PUEBLA,2838,
19/11/2019,PUEBLA,2836,
19/11/2019,PUEBLA,8359,
19/11/2019,PUEBLA,3011,
19/11/2019,PUEBLA,8845,
19/11/2019,PUEBLA,8846,
19/11/2019,PUEBLA,8847,
19/11/2019,PUEBLA,8843,
19/11/2019,PUEBLA,8329,
19/11/2019,PUEBLA,8328,
19/11/2019,PUEBLA,2878,
19/11/2019,PUEBLA,2882,
19/11/2019,PUEBLA,2839,
19/11/2019,PUEBLA,2961,
19/11/2019,PUEBLA,2964,
19/11/2019,PUEBLA,2962,
19/11/2019,PUEBLA,2963,
19/11/2019,PUEBLA,2954,
19/11/2019,PUEBLA,8985,
19/11/2019,PUEBLA,8984,
19/11/2019,PUEBLA,2911,
19/11/2019,PUEBLA,2889,
19/11/2019,PUEBLA,2965,
19/11/2019,PUEBLA,8624,
19/11/2019,PUEBLA,2877,
19/11/2019,PUEBLA,8257,
19/11/2019,PUEBLA,8258,
19/11/2019,PUEBLA,2869,
19/11/2019,PUEBLA,3207,
19/11/2019,PUEBLA,8905,
19/11/2019,PUEBLA,3208,
19/11/2019,PUEBLA,2883,
19/11/2019,PUEBLA,2887,
19/11/2019,PUEBLA,2888,
19/11/2019,PUEBLA,8260,
19/11/2019,PUEBLA,2884,
19/11/2019,PUEBLA,O781,
19/11/2019,PUEBLA,O782,
19/11/2019,PUEBLA,8849,
19/11/2019,PUEBLA,2844,
19/11/2019,PUEBLA,2843,
19/11/2019,PUEBLA,2842,
19/11/2019,PUEBLA,2840,
19/11/2019,PUEBLA,2841,
19/11/2019,PUEBLA,3051,
19/11/2019,PUEBLA,2875,
19/11/2019,PUEBLA,2874,
19/11/2019,PUEBLA,2873,
19/11/2019,PUEBLA,2872,
19/11/2019,AMERICAS,5281,
19/11/2019,AMERICAS,1846,
19/11/2019,AMERICAS,1847,
19/11/2019,AMERICAS,5291,
19/11/2019,AMERICAS,6542,
19/11/2019,AMERICAS,6540,
19/11/2019,AMERICAS,6538,
19/11/2019,AMERICAS,6539,
19/11/2019,AMERICAS,6536,
19/11/2019,AMERICAS,6533,
19/11/2019,AMERICAS,6537,
19/11/2019,AMERICAS,6534,
19/11/2019,AMERICAS,6529,
19/11/2019,AMERICAS,6526,
19/11/2019,AMERICAS,6528,
19/11/2019,AMERICAS,6525,
19/11/2019,AMERICAS,6535,
19/11/2019,AMERICAS,6543,
19/11/2019,AMERICAS,6530,
19/11/2019,AMERICAS,6524,
19/11/2019,AMERICAS,6527,
19/11/2019,AMERICAS,6531,
19/11/2019,AMERICAS,6532,
19/11/2019,AMERICAS,6541,
19/11/2019,AMERICAS,7244,
19/11/2019,AMERICAS,7245,
19/11/2019,AMERICAS,6257,
19/11/2019,AMERICAS,6256,
19/11/2019,AMERICAS,1622,
19/11/2019,AMERICAS,1621,
19/11/2019,AMERICAS,189,
19/11/2019,AMERICAS,1895,
19/11/2019,AMERICAS,1894,
19/11/2019,AMERICAS,5311,
19/11/2019,AMERICAS,5355,
19/11/2019,AMERICAS,5354,
19/11/2019,ENSENADA,1466,
19/11/2019,ENSENADA,1211,
19/11/2019,ENSENADA,1231,
19/11/2019,ENSENADA,1234,
19/11/2019,ENSENADA,1209,
19/11/2019,ENSENADA,1207,
19/11/2019,ENSENADA,1208,
19/11/2019,ENSENADA,157,
19/11/2019,ENSENADA,155,
19/11/2019,ENSENADA,153,
19/11/2019,ENSENADA,151,
19/11/2019,ENSENADA,1228,
19/11/2019,ENSENADA,1237,
19/11/2019,ENSENADA,316,
19/11/2019,ENSENADA,1471,
19/11/2019,ENSENADA,472,
19/11/2019,ENSENADA,154,
19/11/2019,ENSENADA,163,
19/11/2019,ENSENADA,1206,
19/11/2019,ENSENADA,1236,
19/11/2019,ENSENADA,1235,
19/11/2019,ENSENADA,1229,
19/11/2019,ENSENADA,1210,
19/11/2019,ENSENADA,158,
19/11/2019,ENSENADA,159,
19/11/2019,ENSENADA,161,
19/11/2019,ENSENADA,1464,
19/11/2019,ENSENADA,1468,
19/11/2019,ENSENADA,1430,
19/11/2019,ENSENADA,1009,
19/11/2019,ENSENADA,1008,
19/11/2019,ENSENADA,853,
19/11/2019,ENSENADA,851,
19/11/2019,ENSENADA,852,
19/11/2019,ENSENADA,1427,
19/11/2019,ENSENADA,4810,
19/11/2019,ENSENADA,1465,
19/11/2019,ENSENADA,1103,
19/11/2019,ENSENADA,162,
19/11/2019,ENSENADA,2897,
19/11/2019,ENSENADA,2895,
19/11/2019,ENSENADA,2900,
19/11/2019,ENSENADA,2898,
19/11/2019,ENSENADA,1324,
19/11/2019,ENSENADA,1325,
19/11/2019,ENSENADA,311,
19/11/2019,ENSENADA,312,
19/11/2019,ENSENADA,1104,
19/11/2019,ENSENADA,1424,
19/11/2019,ENSENADA,314,
20/11/2019,CHAPULTEPEC,9330,
20/11/2019,CHAPULTEPEC,9344,
20/11/2019,CHAPULTEPEC,9337,
20/11/2019,CHAPULTEPEC,9332,
20/11/2019,CHAPULTEPEC,9343,
20/11/2019,CHAPULTEPEC,9336,
20/11/2019,CHAPULTEPEC,9333,
20/11/2019,CHAPULTEPEC,9335,
20/11/2019,CHAPULTEPEC,9326,
20/11/2019,CHAPULTEPEC,9322,
20/11/2019,CHAPULTEPEC,9331,
20/11/2019,CHAPULTEPEC,9327,
20/11/2019,CHAPULTEPEC,9329,
20/11/2019,CHAPULTEPEC,9325,
20/11/2019,CHAPULTEPEC,9338,
20/11/2019,CHAPULTEPEC,9341,
20/11/2019,CHAPULTEPEC,9328,
20/11/2019,CHAPULTEPEC,9324,
20/11/2019,CHAPULTEPEC,9340,
20/11/2019,CHAPULTEPEC,9323,
20/11/2019,CHAPULTEPEC,9334,
20/11/2019,CHAPULTEPEC,9339,
20/11/2019,CHAPULTEPEC,9342,
20/11/2019,PDV QUERETARO,6229,
20/11/2019,PDV QUERETARO,7255,
20/11/2019,PDV QUERETARO,6160,
20/11/2019,PDV QUERETARO,6161,
20/11/2019,PDV QUERETARO,3452,
20/11/2019,PDV QUERETARO,3451,
20/11/2019,PDV QUERETARO,6163,
20/11/2019,PDV QUERETARO,6158,
20/11/2019,PDV LEON,9266,
20/11/2019,PDV LEON,9267,
20/11/2019,PDV LEON,9356,
20/11/2019,PDV LEON,507,
20/11/2019,PDV LEON,508,
20/11/2019,TIJUANA,1784,
20/11/2019,TIJUANA,1787,
20/11/2019,TIJUANA,1780,
20/11/2019,TIJUANA,1778,
20/11/2019,TIJUANA,1782,
20/11/2019,TIJUANA,1779,
20/11/2019,TIJUANA,1781,
20/11/2019,TIJUANA,1786,
20/11/2019,TIJUANA,1783,
20/11/2019,TIJUANA,1785,
20/11/2019,TIJUANA,1848,
20/11/2019,TIJUANA,1844,
20/11/2019,TIJUANA,1846,
20/11/2019,TIJUANA,1849,
20/11/2019,TIJUANA,A48,
20/11/2019,TIJUANA,A50,
20/11/2019,TIJUANA,A56,
20/11/2019,TIJUANA,A57,
20/11/2019,TIJUANA,A62,
20/11/2019,TIJUANA,A70,
20/11/2019,TIJUANA,A72,
20/11/2019,TIJUANA,A61,
20/11/2019,TIJUANA,A63,
20/11/2019,TIJUANA,A80,
20/11/2019,TIJUANA,A88,
20/11/2019,TIJUANA,A90,
20/11/2019,TIJUANA,A108,
20/11/2019,TIJUANA,A110,
20/11/2019,TIJUANA,A112,
20/11/2019,PDV ISABEL,8854,
20/11/2019,PDV ISABEL,8853,
20/11/2019,PDV ISABEL,8852,
20/11/2019,PDV ISABEL,8856,
20/11/2019,PDV ISABEL,8855,
20/11/2019,PDV ISABEL,8858,
20/11/2019,PDV ISABEL,8857,
20/11/2019,PDV ISABEL,3318,
20/11/2019,PDV ISABEL,1670,
20/11/2019,PDV ISABEL,1671,
20/11/2019,PDV ISABEL,1672,
20/11/2019,PDV ISABEL,1673,
20/11/2019,PDV ISABEL,1649,
20/11/2019,PDV ISABEL,7751,
20/11/2019,PDV ISABEL,7154,
20/11/2019,PDV ISABEL,7156,
20/11/2019,PDV ISABEL,7155,
20/11/2019,PDV ISABEL,7153,
20/11/2019,PDV ISABEL,8826,
20/11/2019,PDV ISABEL,8827,
20/11/2019,PDV ISABEL,3491,
20/11/2019,PDV ISABEL,2467,
20/11/2019,PDV ISABEL,1633,
20/11/2019,PDV ISABEL,4822,
20/11/2019,PDV ISABEL,1637,
20/11/2019,PDV ISABEL,7827,
20/11/2019,PDV ISABEL,1669,
20/11/2019,PDV ISABEL,1668,
20/11/2019,PDV ISABEL,1656,
20/11/2019,PDV ISABEL,1657,
20/11/2019,PDV ISABEL,1658,
20/11/2019,PDV ISABEL,1659,
20/11/2019,PDV ISABEL,1660,
20/11/2019,PDV ISABEL,1661,
20/11/2019,PDV ISABEL,1662,
20/11/2019,PDV ISABEL,1663,
20/11/2019,PDV ISABEL,1665,
20/11/2019,PDV ISABEL,1666,
20/11/2019,PDV ISABEL,1667,
20/11/2019,PDV ISABEL,1648,
20/11/2019,PDV VERACRUZ,8607,
20/11/2019,PDV VERACRUZ,8601,
20/11/2019,PDV VERACRUZ,8610,
20/11/2019,PDV VERACRUZ,8606,
20/11/2019,PDV VERACRUZ,8609,
20/11/2019,PDV VERACRUZ,8613,
20/11/2019,PDV VERACRUZ,8616,
20/11/2019,PDV VERACRUZ,8618,
20/11/2019,PDV VERACRUZ,8608,
20/11/2019,PDV VERACRUZ,8617,
20/11/2019,PDV VERACRUZ,8614,
20/11/2019,PDV VERACRUZ,8612,
20/11/2019,PDV VERACRUZ,8611,
20/11/2019,PDV VERACRUZ,8615,
20/11/2019,PDV VERACRUZ,8620,
20/11/2019,PDV VERACRUZ,8604,
20/11/2019,PDV VERACRUZ,8605,
20/11/2019,PDV VERACRUZ,8619,
20/11/2019,PDV VERACRUZ,8603,
20/11/2019,PDV MEXICALI,55873,
20/11/2019,PDV MEXICALI,5863,
20/11/2019,PDV MEXICALI,5872,
20/11/2019,PDV MEXICALI,5874,